{
  "schema_version": "1.0",
  "saved_at": 1772352380.667694,
  "saved_at_human": "2026-03-01 08:06:20 UTC",
  "q_table": {
    "(3, 0, 0)": {
      "0": 0.0,
      "1": 0.6518755449323758,
      "2": 3.442419196252956,
      "3": 0.663062582326417,
      "4": 5.7959230917665225
    },
    "(4, 0, 0)": {
      "0": 4.230071275553457,
      "1": 1.5432785445984099,
      "2": 0.0,
      "3": 0.0,
      "4": 0.0
    },
    "(1, 0, 0)": {
      "0": 3.3205523079372234,
      "1": 1.1743909738640168,
      "2": 0.0,
      "3": 0.0,
      "4": 0.0
    },
    "(3, 0, 1)": {
      "0": 0.9639336967529747,
      "1": 0.0,
      "2": 0.0,
      "3": 0.0,
      "4": 0.0
    },
    "(1, 0, 1)": {
      "0": 0.7131901050585244,
      "1": 0.0,
      "2": 0.0,
      "3": 0.0,
      "4": 0.0
    },
    "(4, 0, 1)": {
      "0": 0.504750090344762,
      "1": 0.0,
      "2": 1.9874981124458162,
      "3": 0.0,
      "4": 2.2612520456902607
    },
    "(2, 0, 0)": {
      "0": 0.0,
      "1": 0.0,
      "2": 0.0,
      "3": 2.2111737422960487,
      "4": 5.259888156650911
    },
    "(0, 0, 0)": {
      "0": 0.0,
      "1": 0.0,
      "2": 2.2814778069602326,
      "3": 0.0,
      "4": 2.662971041760633
    },
    "(4, 0, 2)": {
      "0": 0.0,
      "1": 0.0,
      "2": 0.0,
      "3": 0.0,
      "4": 0.0
    },
    "(1, 2, 0)": {
      "0": 6.206154318222107,
      "1": 0.0,
      "2": 0.7845608710763438,
      "3": 0.0,
      "4": 0.0
    },
    "(4, 2, 0)": {
      "0": -0.6806459694004395,
      "1": 1.4610036927668122,
      "2": 0.20967415632134082,
      "3": 0.4242342028780671,
      "4": 1.3299706506114086
    },
    "(3, 2, 0)": {
      "0": 3.9120800555951414,
      "1": 0.0,
      "2": 0.0,
      "3": 0.0,
      "4": 1.4351483375976553
    },
    "(0, 2, 0)": {
      "0": 3.806366355060698,
      "1": 0.0,
      "2": 0.0,
      "3": 0.0,
      "4": 0.0
    },
    "(5, 2, 0)": {
      "0": 2.184421502753347,
      "1": 0.0,
      "2": 0.0,
      "3": 0.0,
      "4": 0.8145135443793599
    },
    "(2, 2, 0)": {
      "0": 0.0,
      "1": 0.0,
      "2": 0.0,
      "3": 8.35248902011557,
      "4": 0.0
    }
  },
  "stats": {
    "q_table_states": 15,
    "current_connections": 8,
    "exploration_rate": 0.05,
    "total_decisions": 357,
    "total_updates": 350,
    "average_reward": 0.0,
    "total_reward": 0.0,
    "positive_rewards": 0,
    "negative_rewards": 0,
    "throughput_improvements": 0,
    "monitoring_interval": 5.0
  }
}