{
  "schema_version": "1.0",
  "saved_at": 1773295321.624063,
  "saved_at_human": "2026-03-12 06:02:01 UTC",
  "q_table": {
    "(2, 0, 1)": {
      "0": 9.985348696941877,
      "1": 10.0,
      "2": 10.0,
      "3": 6.722463481947284,
      "4": 4.781078102111068
    },
    "(4, 0, 1)": {
      "0": 10.0,
      "1": 10.0,
      "2": 10.0,
      "3": 8.046918124754717,
      "4": 6.141686392833318
    },
    "(3, 0, 1)": {
      "0": 9.928379486820136,
      "1": 9.882709921688855,
      "2": 10.0,
      "3": 9.885191745352248,
      "4": 8.727286893112963
    },
    "(0, 0, 1)": {
      "0": 9.368218378873985,
      "1": 10.0,
      "2": 7.189372905950171,
      "3": 5.0102458910367105,
      "4": 5.611441599933421
    },
    "(1, 0, 1)": {
      "0": 10.0,
      "1": 10.0,
      "2": 10.0,
      "3": 8.540470286858387,
      "4": 6.555599428798289
    },
    "(2, 0, 2)": {
      "0": 0.0,
      "1": 1.4897829122308526,
      "2": 0.0,
      "3": 0.0,
      "4": 0.0
    },
    "(1, 0, 2)": {
      "0": 7.113377855188715,
      "1": 7.1979292294218515,
      "2": 5.175670466672406,
      "3": 1.7747996493673277,
      "4": 10.0
    },
    "(0, 0, 2)": {
      "0": 4.4598406346407975,
      "1": 5.23292359002796,
      "2": 10.0,
      "3": 1.4404807001404947,
      "4": 0.0
    },
    "(5, 0, 1)": {
      "0": 10.0,
      "1": 4.8604838234145555,
      "2": 1.9500000000000002,
      "3": 2.7977988984875237,
      "4": 1.9500000000000002
    },
    "(0, 1, 1)": {
      "0": 2.1272818349580582,
      "1": 0.7840452065128031,
      "2": 0.0,
      "3": 0.0,
      "4": 0.0
    },
    "(2, 1, 1)": {
      "0": 6.960239825874808,
      "1": 0.828615524045437,
      "2": 1.6250605475127569,
      "3": 0.0,
      "4": 0.0
    },
    "(4, 1, 1)": {
      "0": -0.589929914876664,
      "1": 2.120546250676035,
      "2": 0.0,
      "3": 0.0,
      "4": 0.0
    },
    "(3, 1, 1)": {
      "0": 3.5619167196383104,
      "1": 1.6556493872698455,
      "2": 0.8355113417394711,
      "3": 8.603674978983147,
      "4": 0.0
    }
  },
  "stats": {
    "q_table_states": 13,
    "q_table_size": 13,
    "current_connections": 16,
    "exploration_rate": 0.15,
    "total_decisions": 2072,
    "total_updates": 2070,
    "average_reward": 4.0947,
    "total_reward": 8476.0698,
    "positive_rewards": 2064,
    "negative_rewards": 6,
    "throughput_improvements": 985,
    "monitoring_interval": 5.0
  }
}