{
  "schema_version": "1.0",
  "saved_at": 1773075773.3930502,
  "saved_at_human": "2026-03-09 17:02:53 UTC",
  "q_table": {
    "(3, 0, 1)": {
      "0": 0.3493708486942005,
      "1": 0.2600122411110459,
      "2": 1.362102983016096,
      "3": 5.623389763621853,
      "4": 0.0
    },
    "(4, 0, 1)": {
      "0": 0.0,
      "1": 1.0538933802043937,
      "2": -0.4120573949814452,
      "3": 0.0,
      "4": 5.09204479534473
    },
    "(0, 0, 1)": {
      "0": -2.2083566129118,
      "1": -0.7500000000000001,
      "2": -0.048268216748825754,
      "3": -1.0173421137140308,
      "4": 2.386434707526373
    },
    "(1, 0, 1)": {
      "0": -0.33913690763533266,
      "1": -0.4010174617650931,
      "2": -0.5434886497081693,
      "3": -0.4197857119993159,
      "4": 0.7664784671574361
    },
    "(2, 0, 1)": {
      "0": -0.4148513223394935,
      "1": -0.13519529671158512,
      "2": 0.17392275015490122,
      "3": 5.448009102098051,
      "4": 0.0
    },
    "(5, 0, 1)": {
      "0": 1.9169379450142847,
      "1": 0.0,
      "2": 0.0,
      "3": 0.0,
      "4": 0.0
    }
  },
  "stats": {
    "q_table_states": 6,
    "q_table_size": 6,
    "current_connections": 6,
    "exploration_rate": 0.05,
    "total_decisions": 406,
    "total_updates": 400,
    "average_reward": 0.1133,
    "total_reward": 45.3235,
    "positive_rewards": 28,
    "negative_rewards": 0,
    "throughput_improvements": 16,
    "monitoring_interval": 5.0
  }
}